episode,loss,average reward,conflicts,duration,epsilon,LoS,instructions,action LEFT,action RIGHT,action DIRECT,action LNAV
1,,-0.808,21,49.73,1.0,8,125,44,46,0,39
2,881951.875,-2.8181818181818183,18,60.54,0.9981,14,66,19,27,0,20
3,,-1.02803738317757,20,36.43,0.9981,8,107,41,36,0,32
4,660182.125,-0.4222222222222222,20,56.54,0.9962,8,90,38,30,0,24
5,,-0.5263157894736842,20,46.64,0.9962,6,76,25,27,0,27
6,480918.5625,-2.7,20,49.68,0.9943,12,60,27,15,0,22
