episode,loss,average reward,conflicts,duration,epsilon,LoS,instructions,action LEFT,action RIGHT,action DIRECT,action LNAV
1,,-3.0256410256410255,18,57.74,1.0,16,78,24,21,0,33
2,,-0.35294117647058826,21,43.84,1.0,8,68,27,26,0,18
3,,0.5058823529411764,21,42.02,1.0,4,85,31,32,0,24
4,34244.60546875,0.14583333333333334,21,42.11,0.9981,6,96,39,27,0,35
5,,-1.8863636363636365,20,48.62,0.9981,12,88,31,25,0,36
6,,-1.65,20,57.27,0.9981,12,80,34,27,0,21
