episode,loss,average reward,conflicts,duration,epsilon,LoS,instructions,action LEFT,action RIGHT,action DIRECT,action LNAV
1,648.6806640625,1.9864864864864864,20,38.26,0.99802,2,74,18,34,0,26
2,597.908447265625,-0.6987951807228916,20,34.51,0.99604,8,83,34,27,0,24
3,620.943603515625,0.8089887640449438,20,33.65,0.99406,5,89,36,30,0,29
4,654.0217895507812,0.7448979591836735,20,31.44,0.9920800000000001,4,98,34,26,0,40
5,634.9275512695312,1.4555555555555555,21,30.63,0.9901000000000001,4,90,35,28,0,30
6,609.3687744140625,0.6808510638297872,20,33.07,0.9881200000000001,4,94,35,35,0,26
7,570.2803955078125,0.8028169014084507,20,34.22,0.9861400000000001,6,71,21,30,0,25
