episode,loss,average reward,conflicts,duration,epsilon,LoS,instructions,action LEFT,action RIGHT,action DIRECT,action LNAV
1,,-3.161764705882353,20,44.59,1.0,14,68,28,18,0,24
2,10.746773719787598,-2.7358490566037736,21,35.4,0.9981,10,53,14,28,0,17
3,,-1.5151515151515151,20,19.3,0.9981,6,66,31,20,0,20
4,9.176340103149414,-0.9090909090909091,20,18.71,0.9962,6,66,24,24,0,22
