episode,loss,average reward,conflicts,LoS,instructions,action LEFT,action RIGHT,action DIRECT,action LNAV,duration,epsilon
1,,-0.5875615855747818,50,18,71,21,19,0,31,33.3,1.0
2,2.4847638607025146,-0.504216596851393,50,20,85,31,27,0,27,30.17,0.905
3,,-0.5406671858775312,52,23,95,41,29,0,25,33.74,0.905
4,2.202040672302246,-0.05263306027573612,50,14,93,22,29,0,42,33.24,0.81
5,,-0.4216254110766034,50,16,74,32,18,0,24,30.43,0.81
6,2.0273752212524414,-0.2965405831044,50,22,110,40,42,0,28,36.56,0.7150000000000001
7,,-0.7569727677094259,50,25,92,31,34,0,27,32.92,0.7150000000000001
8,2.083197593688965,0.02755844111439993,50,14,95,37,40,0,18,43.39,0.6200000000000001
