episode,loss,average reward,conflicts,LoS,action LEFT,action RIGHT,action DIRECT,action LNAV
1,3727.3623046875,-0.7142857142857143,1155,825,103,60,992,1155
2,2077.56591796875,-0.6671270718232044,724,483,217,3,631,597
3,1387.2205810546875,-0.5671191553544495,663,376,631,585,95,15
4,1425.7447509765625,-0.9017313991576977,2137,1927,3857,56,231,130
5,537.92578125,-0.684931506849315,730,500,317,306,457,380
6,564.888427734375,-0.6768617021276596,752,509,354,191,398,561
7,453.6851806640625,-0.7240932642487047,772,559,232,131,522,659
8,541.7467041015625,-0.7080957810718358,877,621,788,14,679,273
9,576.905517578125,-0.6230769230769231,1040,648,594,101,847,538
