episode,loss,average reward,conflicts,duration,epsilon,LoS,instructions,action LEFT,action RIGHT,action DIRECT,action LNAV
1,157.0484619140625,0.9090909090909091,21,32.13,0.99802,4,143,61,42,0,44
2,161.06246948242188,0.5970149253731343,20,21.37,0.99604,8,67,26,27,0,19
3,218.25167846679688,1.3043478260869565,20,27.82,0.99406,4,92,36,34,0,27
4,215.7635955810547,2.207792207792208,21,23.54,0.9920800000000001,2,77,26,18,0,36
5,183.2740020751953,0.0,20,24.43,0.9901000000000001,10,70,25,23,0,24
6,161.57998657226562,2.2641509433962264,20,26.47,0.9881200000000001,4,53,19,17,0,17
7,187.39437866210938,0.851063829787234,20,21.53,0.9861400000000001,8,47,18,17,0,14
8,215.12506103515625,1.4545454545454546,20,26.5,0.9841600000000001,6,55,16,15,0,26
9,176.90737915039062,0.4195804195804196,20,28.57,0.9821800000000002,7,143,46,40,0,64
